ScreenID,RotationX,RotationY,RotationZ,TranslationX,TranslationY,TranslationZ
0,0.02458289140954406,-1.5458640306400093,0.0077053477068324315,-229.70965743677772,14.626803151154945,-11.799048467391515
1,0.007289129176718756,-0.658073580825715,0.013845090687569818,-101.77672391172233,14.863234072937871,239.0587215353906
2,4.044717388662633e-05,0.631655212015226,0.0017367546909673082,155.55648039077994,8.981796371618998,215.33702608139203
3,-0.0017810288748438818,1.6173021644672771,-0.009365757956014556,273.95295113383213,11.490154306421005,-28.987050853658673
